-- phpMyAdmin SQL Dump
-- version 5.2.0
-- https://www.phpmyadmin.net/
--
-- Host: 127.0.0.1
-- Generation Time: Jan 06, 2024 at 07:57 AM
-- Server version: 10.4.24-MariaDB
-- PHP Version: 7.4.29

SET SQL_MODE = "NO_AUTO_VALUE_ON_ZERO";
START TRANSACTION;
SET time_zone = "+00:00";


/*!40101 SET @OLD_CHARACTER_SET_CLIENT=@@CHARACTER_SET_CLIENT */;
/*!40101 SET @OLD_CHARACTER_SET_RESULTS=@@CHARACTER_SET_RESULTS */;
/*!40101 SET @OLD_COLLATION_CONNECTION=@@COLLATION_CONNECTION */;
/*!40101 SET NAMES utf8mb4 */;

--
-- Database: `aksesoris`
--

-- --------------------------------------------------------

--
-- Table structure for table `ci_sessions`
--

CREATE TABLE `ci_sessions` (
  `id` varchar(128) NOT NULL,
  `ip_address` varchar(45) NOT NULL,
  `timestamp` int(10) UNSIGNED NOT NULL DEFAULT 0,
  `data` blob NOT NULL
) ENGINE=InnoDB DEFAULT CHARSET=utf8mb4;

--
-- Dumping data for table `ci_sessions`
--

INSERT INTO `ci_sessions` (`id`, `ip_address`, `timestamp`, `data`) VALUES
('d96d3qhtthh9p6b21aqg8rq9uqfqekbj', '::1', 1704501747, 0x5f5f63695f6c6173745f726567656e65726174657c693a313730343530313734373b7265646972656374696f6e7c4e3b5f5f4143544956455f53455353494f4e5f444154417c733a3235363a22663462333133343332363561303435373361326137376563363037666432356536396538366338356336363630396531386633343738633664333030373433323962643964346534613432343964643437363534636334326630653865313938396662656331316366396130373366663237373635353464663566363535383430414e4b47784d352f54696562387956585636554b5677524a312f3365557779356e6159472b6f6c576d7048766d42624730554d347252486d444177352f4f5a68474d435a35346e7a5a397a666b644358482f4833564d31614f6132763465426b393767314d7451684e3774794d3137556e556241427232577236646c4a3569223b),
('o40aoi5259ge0mtqjqcf74l6ob2bbhvn', '::1', 1704502142, 0x5f5f63695f6c6173745f726567656e65726174657c693a313730343530323134323b7265646972656374696f6e7c4e3b5f5f4143544956455f53455353494f4e5f444154417c733a3235363a22386438353830643664373938373532323734326565333637393934383063383839613862303063323533343161363363353266646535623362323436646635656631626664306232336639303762613163386364666563633239396261333332333966326539636130306538336333353939653062303939656666373138346665666a524a714f53465163795971456e5a6c4a706b4a394e482f4e4e73582f7959646e2f6a6547757754386e723632644845346b68562f747334635049506752776a3356496146595a2f506f2b314373636e6939596e6b75343636645a6658567274614e51725367536e4f637232426b577a75655176594b6d5936646d413834223b),
('v2ru4kiqru7l5c6c2ga262stnv68rlkd', '::1', 1704502635, 0x5f5f63695f6c6173745f726567656e65726174657c693a313730343530323633353b7265646972656374696f6e7c4e3b5f5f4143544956455f53455353494f4e5f444154417c733a3235363a22386438353830643664373938373532323734326565333637393934383063383839613862303063323533343161363363353266646535623362323436646635656631626664306232336639303762613163386364666563633239396261333332333966326539636130306538336333353939653062303939656666373138346665666a524a714f53465163795971456e5a6c4a706b4a394e482f4e4e73582f7959646e2f6a6547757754386e723632644845346b68562f747334635049506752776a3356496146595a2f506f2b314373636e6939596e6b75343636645a6658567274614e51725367536e4f637232426b577a75655176594b6d5936646d413834223b),
('e349pa82e0m39v9ksk18a998fbrhv00t', '::1', 1704502944, 0x5f5f63695f6c6173745f726567656e65726174657c693a313730343530323934343b7265646972656374696f6e7c4e3b5f5f4143544956455f53455353494f4e5f444154417c733a3235363a22386438353830643664373938373532323734326565333637393934383063383839613862303063323533343161363363353266646535623362323436646635656631626664306232336639303762613163386364666563633239396261333332333966326539636130306538336333353939653062303939656666373138346665666a524a714f53465163795971456e5a6c4a706b4a394e482f4e4e73582f7959646e2f6a6547757754386e723632644845346b68562f747334635049506752776a3356496146595a2f506f2b314373636e6939596e6b75343636645a6658567274614e51725367536e4f637232426b577a75655176594b6d5936646d413834223b),
('1ltdpq8iud2am4t1j7f9tae09dtom5bc', '::1', 1704503387, 0x5f5f63695f6c6173745f726567656e65726174657c693a313730343530333338373b7265646972656374696f6e7c4e3b5f5f4143544956455f53455353494f4e5f444154417c733a3235363a22386438353830643664373938373532323734326565333637393934383063383839613862303063323533343161363363353266646535623362323436646635656631626664306232336639303762613163386364666563633239396261333332333966326539636130306538336333353939653062303939656666373138346665666a524a714f53465163795971456e5a6c4a706b4a394e482f4e4e73582f7959646e2f6a6547757754386e723632644845346b68562f747334635049506752776a3356496146595a2f506f2b314373636e6939596e6b75343636645a6658567274614e51725367536e4f637232426b577a75655176594b6d5936646d413834223b),
('hegmj1f9pm85acpkb203ef34k1lm3ngl', '::1', 1704503795, 0x5f5f63695f6c6173745f726567656e65726174657c693a313730343530333739353b7265646972656374696f6e7c4e3b5f5f4143544956455f53455353494f4e5f444154417c733a3235363a22386438353830643664373938373532323734326565333637393934383063383839613862303063323533343161363363353266646535623362323436646635656631626664306232336639303762613163386364666563633239396261333332333966326539636130306538336333353939653062303939656666373138346665666a524a714f53465163795971456e5a6c4a706b4a394e482f4e4e73582f7959646e2f6a6547757754386e723632644845346b68562f747334635049506752776a3356496146595a2f506f2b314373636e6939596e6b75343636645a6658567274614e51725367536e4f637232426b577a75655176594b6d5936646d413834223b),
('rru8av5670gsvjbq6iqlcot9nmb72tkg', '::1', 1704504399, 0x5f5f63695f6c6173745f726567656e65726174657c693a313730343530343339393b7265646972656374696f6e7c4e3b5f5f4143544956455f53455353494f4e5f444154417c733a3235363a2239303361626634303836636439333164303832623262643430616564316631323834356636356635343531633461343030343966663339386363323737346462303031376334346662343032383063623166326465336435393438666630623635396433613564363261633337346432646536343562636264623337353338356c713535796233354a587a364a715458735173676d4943476a305043307177627056716e716a4357726d5473686d3978374230797344613179784377752b6b6b5558474f493559454d632b583179753246377046464b61506a614a58627561444d573837307947717742425a624b51795555753658756a4c6d716343366b5530223b),
('kcl1j314ch76hrl7qsej4p7q992a9miu', '::1', 1704504701, 0x5f5f63695f6c6173745f726567656e65726174657c693a313730343530343730313b7265646972656374696f6e7c4e3b5f5f4143544956455f53455353494f4e5f444154417c733a3235363a2239303361626634303836636439333164303832623262643430616564316631323834356636356635343531633461343030343966663339386363323737346462303031376334346662343032383063623166326465336435393438666630623635396433613564363261633337346432646536343562636264623337353338356c713535796233354a587a364a715458735173676d4943476a305043307177627056716e716a4357726d5473686d3978374230797344613179784377752b6b6b5558474f493559454d632b583179753246377046464b61506a614a58627561444d573837307947717742425a624b51795555753658756a4c6d716343366b5530223b),
('a0ecve79ksloimb093eqsdp9cbb9k23r', '::1', 1704504724, 0x5f5f63695f6c6173745f726567656e65726174657c693a313730343530343730313b7265646972656374696f6e7c4e3b5f5f4143544956455f53455353494f4e5f444154417c733a3235363a2239303361626634303836636439333164303832623262643430616564316631323834356636356635343531633461343030343966663339386363323737346462303031376334346662343032383063623166326465336435393438666630623635396433613564363261633337346432646536343562636264623337353338356c713535796233354a587a364a715458735173676d4943476a305043307177627056716e716a4357726d5473686d3978374230797344613179784377752b6b6b5558474f493559454d632b583179753246377046464b61506a614a58627561444d573837307947717742425a624b51795555753658756a4c6d716343366b5530223b),
('euvvcd0ap3js7amm8kl7p19j8706r4af', '::1', 1704505561, 0x5f5f63695f6c6173745f726567656e65726174657c693a313730343530353536313b7265646972656374696f6e7c4e3b5f5f4143544956455f53455353494f4e5f444154417c733a3235363a223934343364633563663933316665336665316364613630303631646234303536393131306135316635383465623862353266333530363236636365343966663431366263363265653838646136643534376631623533623535356334646364373138313931343237656163336164313033343438663639333037643836383366795276475a4b6d736951305934425952785a485a6f4146762f4a4b397a575355317a424f716a716c2b4d79466a4233327073436f37372b45644550546a507448624d436b42643544582b5a335665374c76344b366664504342593467714f3967334e4b2f676767436b786d6e4f5255497a426b647a65784e426338796c536463223b),
('d3mopvmj9qu725fsqc1supht9tq1rnj9', '::1', 1704505897, 0x5f5f63695f6c6173745f726567656e65726174657c693a313730343530353839373b7265646972656374696f6e7c4e3b5f5f4143544956455f53455353494f4e5f444154417c733a3235363a223934343364633563663933316665336665316364613630303631646234303536393131306135316635383465623862353266333530363236636365343966663431366263363265653838646136643534376631623533623535356334646364373138313931343237656163336164313033343438663639333037643836383366795276475a4b6d736951305934425952785a485a6f4146762f4a4b397a575355317a424f716a716c2b4d79466a4233327073436f37372b45644550546a507448624d436b42643544582b5a335665374c76344b366664504342593467714f3967334e4b2f676767436b786d6e4f5255497a426b647a65784e426338796c536463223b),
('pr1hel7ndcmdl37s5cbidj9bgg6pu2kt', '::1', 1704506217, 0x5f5f63695f6c6173745f726567656e65726174657c693a313730343530363231373b7265646972656374696f6e7c4e3b5f5f4143544956455f53455353494f4e5f444154417c733a3235363a223934343364633563663933316665336665316364613630303631646234303536393131306135316635383465623862353266333530363236636365343966663431366263363265653838646136643534376631623533623535356334646364373138313931343237656163336164313033343438663639333037643836383366795276475a4b6d736951305934425952785a485a6f4146762f4a4b397a575355317a424f716a716c2b4d79466a4233327073436f37372b45644550546a507448624d436b42643544582b5a335665374c76344b366664504342593467714f3967334e4b2f676767436b786d6e4f5255497a426b647a65784e426338796c536463223b73657474696e67735f666c6173687c733a33303a2250656e6761747572616e20626572686173696c2064697065726261727569223b5f5f63695f766172737c613a313a7b733a31343a2273657474696e67735f666c617368223b733a333a226f6c64223b7d),
('oustgb875j4a9bge3ecsjdchskr6oqs1', '::1', 1704506863, 0x5f5f63695f6c6173745f726567656e65726174657c693a313730343530363836333b7265646972656374696f6e7c4e3b5f5f4143544956455f53455353494f4e5f444154417c733a3235363a223934343364633563663933316665336665316364613630303631646234303536393131306135316635383465623862353266333530363236636365343966663431366263363265653838646136643534376631623533623535356334646364373138313931343237656163336164313033343438663639333037643836383366795276475a4b6d736951305934425952785a485a6f4146762f4a4b397a575355317a424f716a716c2b4d79466a4233327073436f37372b45644550546a507448624d436b42643544582b5a335665374c76344b366664504342593467714f3967334e4b2f676767436b786d6e4f5255497a426b647a65784e426338796c536463223b),
('rc47j70mr6dnaud008m5hmhmklclph79', '::1', 1704507297, 0x5f5f63695f6c6173745f726567656e65726174657c693a313730343530373239373b7265646972656374696f6e7c4e3b5f5f4143544956455f53455353494f4e5f444154417c733a3235363a223934343364633563663933316665336665316364613630303631646234303536393131306135316635383465623862353266333530363236636365343966663431366263363265653838646136643534376631623533623535356334646364373138313931343237656163336164313033343438663639333037643836383366795276475a4b6d736951305934425952785a485a6f4146762f4a4b397a575355317a424f716a716c2b4d79466a4233327073436f37372b45644550546a507448624d436b42643544582b5a335665374c76344b366664504342593467714f3967334e4b2f676767436b786d6e4f5255497a426b647a65784e426338796c536463223b),
('lc6fhn78mff7n5um8mri870mhc46a5lv', '::1', 1704507638, 0x5f5f63695f6c6173745f726567656e65726174657c693a313730343530373633383b7265646972656374696f6e7c4e3b5f5f4143544956455f53455353494f4e5f444154417c733a3235363a223934343364633563663933316665336665316364613630303631646234303536393131306135316635383465623862353266333530363236636365343966663431366263363265653838646136643534376631623533623535356334646364373138313931343237656163336164313033343438663639333037643836383366795276475a4b6d736951305934425952785a485a6f4146762f4a4b397a575355317a424f716a716c2b4d79466a4233327073436f37372b45644550546a507448624d436b42643544582b5a335665374c76344b366664504342593467714f3967334e4b2f676767436b786d6e4f5255497a426b647a65784e426338796c536463223b6164645f6e65775f70726f647563745f666c6173687c733a33333a2250726f64756b206261727520626572686173696c20646974616d6261686b616e21223b5f5f63695f766172737c613a313a7b733a32313a226164645f6e65775f70726f647563745f666c617368223b733a333a226f6c64223b7d),
('uvnguv915orm6sm58ljoq2au8gv2p57h', '::1', 1704507949, 0x5f5f63695f6c6173745f726567656e65726174657c693a313730343530373934393b7265646972656374696f6e7c4e3b5f5f4143544956455f53455353494f4e5f444154417c733a3235363a223934343364633563663933316665336665316364613630303631646234303536393131306135316635383465623862353266333530363236636365343966663431366263363265653838646136643534376631623533623535356334646364373138313931343237656163336164313033343438663639333037643836383366795276475a4b6d736951305934425952785a485a6f4146762f4a4b397a575355317a424f716a716c2b4d79466a4233327073436f37372b45644550546a507448624d436b42643544582b5a335665374c76344b366664504342593467714f3967334e4b2f676767436b786d6e4f5255497a426b647a65784e426338796c536463223b6164645f6e65775f70726f647563745f666c6173687c733a33333a2250726f64756b206261727520626572686173696c20646974616d6261686b616e21223b5f5f63695f766172737c613a313a7b733a32313a226164645f6e65775f70726f647563745f666c617368223b733a333a226f6c64223b7d),
('cph3doi1femdmgpvj8mls79e9d6v248f', '::1', 1704508330, 0x5f5f63695f6c6173745f726567656e65726174657c693a313730343530383333303b7265646972656374696f6e7c4e3b5f5f4143544956455f53455353494f4e5f444154417c733a3235363a223934343364633563663933316665336665316364613630303631646234303536393131306135316635383465623862353266333530363236636365343966663431366263363265653838646136643534376631623533623535356334646364373138313931343237656163336164313033343438663639333037643836383366795276475a4b6d736951305934425952785a485a6f4146762f4a4b397a575355317a424f716a716c2b4d79466a4233327073436f37372b45644550546a507448624d436b42643544582b5a335665374c76344b366664504342593467714f3967334e4b2f676767436b786d6e4f5255497a426b647a65784e426338796c536463223b6164645f6e65775f70726f647563745f666c6173687c733a33333a2250726f64756b206261727520626572686173696c20646974616d6261686b616e21223b5f5f63695f766172737c613a313a7b733a32313a226164645f6e65775f70726f647563745f666c617368223b733a333a226f6c64223b7d),
('e44ocnbdeg77em0q85ql5tjv80hiifh7', '::1', 1704508693, 0x5f5f63695f6c6173745f726567656e65726174657c693a313730343530383639333b7265646972656374696f6e7c4e3b5f5f4143544956455f53455353494f4e5f444154417c733a3235363a223934343364633563663933316665336665316364613630303631646234303536393131306135316635383465623862353266333530363236636365343966663431366263363265653838646136643534376631623533623535356334646364373138313931343237656163336164313033343438663639333037643836383366795276475a4b6d736951305934425952785a485a6f4146762f4a4b397a575355317a424f716a716c2b4d79466a4233327073436f37372b45644550546a507448624d436b42643544582b5a335665374c76344b366664504342593467714f3967334e4b2f676767436b786d6e4f5255497a426b647a65784e426338796c536463223b),
('nt6vfi9bb8k2ubinmc5mad3q83pao8s3', '::1', 1704509002, 0x5f5f63695f6c6173745f726567656e65726174657c693a313730343530393030323b7265646972656374696f6e7c4e3b5f5f4143544956455f53455353494f4e5f444154417c733a3235363a223934343364633563663933316665336665316364613630303631646234303536393131306135316635383465623862353266333530363236636365343966663431366263363265653838646136643534376631623533623535356334646364373138313931343237656163336164313033343438663639333037643836383366795276475a4b6d736951305934425952785a485a6f4146762f4a4b397a575355317a424f716a716c2b4d79466a4233327073436f37372b45644550546a507448624d436b42643544582b5a335665374c76344b366664504342593467714f3967334e4b2f676767436b786d6e4f5255497a426b647a65784e426338796c536463223b),
('0lveppf80vp9mookbhs307kl9ua3h4gm', '::1', 1704509367, 0x5f5f63695f6c6173745f726567656e65726174657c693a313730343530393336373b7265646972656374696f6e7c4e3b5f5f4143544956455f53455353494f4e5f444154417c733a3235363a223934343364633563663933316665336665316364613630303631646234303536393131306135316635383465623862353266333530363236636365343966663431366263363265653838646136643534376631623533623535356334646364373138313931343237656163336164313033343438663639333037643836383366795276475a4b6d736951305934425952785a485a6f4146762f4a4b397a575355317a424f716a716c2b4d79466a4233327073436f37372b45644550546a507448624d436b42643544582b5a335665374c76344b366664504342593467714f3967334e4b2f676767436b786d6e4f5255497a426b647a65784e426338796c536463223b),
('g35p7n5ugf4rghubp436fkh9jmdg8l5h', '::1', 1704510265, 0x5f5f63695f6c6173745f726567656e65726174657c693a313730343531303236353b7265646972656374696f6e7c4e3b5f5f4143544956455f53455353494f4e5f444154417c733a3235363a223934343364633563663933316665336665316364613630303631646234303536393131306135316635383465623862353266333530363236636365343966663431366263363265653838646136643534376631623533623535356334646364373138313931343237656163336164313033343438663639333037643836383366795276475a4b6d736951305934425952785a485a6f4146762f4a4b397a575355317a424f716a716c2b4d79466a4233327073436f37372b45644550546a507448624d436b42643544582b5a335665374c76344b366664504342593467714f3967334e4b2f676767436b786d6e4f5255497a426b647a65784e426338796c536463223b),
('es23pj8e6763au8lrikiumpn04ubbq2l', '::1', 1704511246, 0x5f5f63695f6c6173745f726567656e65726174657c693a313730343531313234363b7265646972656374696f6e7c4e3b5f5f4143544956455f53455353494f4e5f444154417c733a3235363a223934343364633563663933316665336665316364613630303631646234303536393131306135316635383465623862353266333530363236636365343966663431366263363265653838646136643534376631623533623535356334646364373138313931343237656163336164313033343438663639333037643836383366795276475a4b6d736951305934425952785a485a6f4146762f4a4b397a575355317a424f716a716c2b4d79466a4233327073436f37372b45644550546a507448624d436b42643544582b5a335665374c76344b366664504342593467714f3967334e4b2f676767436b786d6e4f5255497a426b647a65784e426338796c536463223b),
('gg75e7okk6gj29incuer2rvrjn767bmr', '::1', 1704512157, 0x5f5f63695f6c6173745f726567656e65726174657c693a313730343531323135373b7265646972656374696f6e7c4e3b5f5f4143544956455f53455353494f4e5f444154417c733a3235363a223934343364633563663933316665336665316364613630303631646234303536393131306135316635383465623862353266333530363236636365343966663431366263363265653838646136643534376631623533623535356334646364373138313931343237656163336164313033343438663639333037643836383366795276475a4b6d736951305934425952785a485a6f4146762f4a4b397a575355317a424f716a716c2b4d79466a4233327073436f37372b45644550546a507448624d436b42643544582b5a335665374c76344b366664504342593467714f3967334e4b2f676767436b786d6e4f5255497a426b647a65784e426338796c536463223b),
('91g0ku9t5guo25b1gvsivm92gcfb5663', '::1', 1704512503, 0x5f5f63695f6c6173745f726567656e65726174657c693a313730343531323530333b7265646972656374696f6e7c4e3b5f5f4143544956455f53455353494f4e5f444154417c733a3235363a223934343364633563663933316665336665316364613630303631646234303536393131306135316635383465623862353266333530363236636365343966663431366263363265653838646136643534376631623533623535356334646364373138313931343237656163336164313033343438663639333037643836383366795276475a4b6d736951305934425952785a485a6f4146762f4a4b397a575355317a424f716a716c2b4d79466a4233327073436f37372b45644550546a507448624d436b42643544582b5a335665374c76344b366664504342593467714f3967334e4b2f676767436b786d6e4f5255497a426b647a65784e426338796c536463223b),
('nu5pu9f1a1dmq59qc06mc1rkm4n1q6ol', '::1', 1704512849, 0x5f5f63695f6c6173745f726567656e65726174657c693a313730343531323834393b7265646972656374696f6e7c4e3b5f5f4143544956455f53455353494f4e5f444154417c733a3235363a223934343364633563663933316665336665316364613630303631646234303536393131306135316635383465623862353266333530363236636365343966663431366263363265653838646136643534376631623533623535356334646364373138313931343237656163336164313033343438663639333037643836383366795276475a4b6d736951305934425952785a485a6f4146762f4a4b397a575355317a424f716a716c2b4d79466a4233327073436f37372b45644550546a507448624d436b42643544582b5a335665374c76344b366664504342593467714f3967334e4b2f676767436b786d6e4f5255497a426b647a65784e426338796c536463223b),
('3d1rm5t9ehjvnmm7ah83lmfcaejeqkrd', '::1', 1704513208, 0x5f5f63695f6c6173745f726567656e65726174657c693a313730343531333230383b7265646972656374696f6e7c4e3b5f5f4143544956455f53455353494f4e5f444154417c733a3235363a223934343364633563663933316665336665316364613630303631646234303536393131306135316635383465623862353266333530363236636365343966663431366263363265653838646136643534376631623533623535356334646364373138313931343237656163336164313033343438663639333037643836383366795276475a4b6d736951305934425952785a485a6f4146762f4a4b397a575355317a424f716a716c2b4d79466a4233327073436f37372b45644550546a507448624d436b42643544582b5a335665374c76344b366664504342593467714f3967334e4b2f676767436b786d6e4f5255497a426b647a65784e426338796c536463223b),
('t85pldmlk5gelgk3g4ok7l41pof5re0e', '::1', 1704513581, 0x5f5f63695f6c6173745f726567656e65726174657c693a313730343531333538313b7265646972656374696f6e7c4e3b5f5f4143544956455f53455353494f4e5f444154417c733a3235363a223934343364633563663933316665336665316364613630303631646234303536393131306135316635383465623862353266333530363236636365343966663431366263363265653838646136643534376631623533623535356334646364373138313931343237656163336164313033343438663639333037643836383366795276475a4b6d736951305934425952785a485a6f4146762f4a4b397a575355317a424f716a716c2b4d79466a4233327073436f37372b45644550546a507448624d436b42643544582b5a335665374c76344b366664504342593467714f3967334e4b2f676767436b786d6e4f5255497a426b647a65784e426338796c536463223b),
('ocg3ohsjg1g2ssgtpoc8ubiurr5nrc0e', '::1', 1704513985, 0x5f5f63695f6c6173745f726567656e65726174657c693a313730343531333938353b7265646972656374696f6e7c4e3b5f5f4143544956455f53455353494f4e5f444154417c733a3235363a223934343364633563663933316665336665316364613630303631646234303536393131306135316635383465623862353266333530363236636365343966663431366263363265653838646136643534376631623533623535356334646364373138313931343237656163336164313033343438663639333037643836383366795276475a4b6d736951305934425952785a485a6f4146762f4a4b397a575355317a424f716a716c2b4d79466a4233327073436f37372b45644550546a507448624d436b42643544582b5a335665374c76344b366664504342593467714f3967334e4b2f676767436b786d6e4f5255497a426b647a65784e426338796c536463223b),
('6eal35sigg24fmsv1ojj47qt13b5virr', '::1', 1704514525, 0x5f5f63695f6c6173745f726567656e65726174657c693a313730343531343532353b7265646972656374696f6e7c4e3b),
('8iookgdis9mrg83mn8n86drc12j0hct5', '::1', 1704515185, 0x5f5f63695f6c6173745f726567656e65726174657c693a313730343531353138353b7265646972656374696f6e7c4e3b),
('4el534snmv6t0ptpg1h2v2d1mj0cjs9e', '::1', 1704515589, 0x5f5f63695f6c6173745f726567656e65726174657c693a313730343531353538393b7265646972656374696f6e7c4e3b),
('ee61v7k3oc1qpksv6ea2jv4smt7vop9u', '::1', 1704516714, 0x5f5f63695f6c6173745f726567656e65726174657c693a313730343531363731343b7265646972656374696f6e7c4e3b),
('hiucs0pdd4plekq7glf7p3f4doocr0js', '::1', 1704517574, 0x5f5f63695f6c6173745f726567656e65726174657c693a313730343531373537343b7265646972656374696f6e7c4e3b),
('e8r6egjeo1ngm3kbrkuo6h5q04jn21ua', '::1', 1704517862, 0x5f5f63695f6c6173745f726567656e65726174657c693a313730343531373537343b7265646972656374696f6e7c4e3b),
('dabe29e2u8uaus698e42r3ggoi1qolql', '::1', 1704518446, 0x5f5f63695f6c6173745f726567656e65726174657c693a313730343531383434363b),
('t1tfhndbd29b48d1gp36qss85g2rqcl7', '::1', 1704518777, 0x5f5f63695f6c6173745f726567656e65726174657c693a313730343531383737373b),
('rb5p3580i37qohk62q0l893obgcrajdu', '::1', 1704519523, 0x5f5f63695f6c6173745f726567656e65726174657c693a313730343531393532333b),
('2niscmtpen7rmkhvt89b2s8mbhnhojm6', '::1', 1704520382, 0x5f5f63695f6c6173745f726567656e65726174657c693a313730343532303338323b7265646972656374696f6e7c4e3b5f5f4143544956455f53455353494f4e5f444154417c733a3235363a223232393237326239636337386363346538386363316236356330336131333336663938393037623834336665333731356336313033636638373264663261303732636661663432343339323038373764663866633439353461323839373533366665386664666664633564656432373932303737363932616632366461373266746171796674374e6267356a6a596b6b4b536161557670354952504a43584c3948494a623679374b71765876786f784835382f75513258374e2b5a327932636d4e6e6b3658447753594a427775364f464b6363736366464c555443613634486c534978734c4543567a6d723339695a577657706468773744434a443549476742223b),
('f4ek2l7dtpgpqoo71dg3lgiidd39jq3r', '::1', 1704520713, 0x5f5f63695f6c6173745f726567656e65726174657c693a313730343532303731333b7265646972656374696f6e7c4e3b5f5f4143544956455f53455353494f4e5f444154417c733a3235363a223366346231396539366238373837343933656635663162383734613564313138353934623631363066373766323430616434383438306431626637303539326435623465633435636238663230636361633364663237383530353237666365613831343862386366313538613731353564633931353534643763353966393631592f4159655471462b594e49502f7545307a54616d776d6c325a3241486a49455175424a7044684d4f6e593570754d364e527668723957554e534c325a555a62322b46364a6c5236764b72354b596e63733745594d33642b343247463331766d44797a6471616b4a4349525a4e2b77686d78424d61715a39707174494f466a34223b),
('lo842oq4vnrsltlqqrve1kt2s9cmcdkm', '::1', 1704521015, 0x5f5f63695f6c6173745f726567656e65726174657c693a313730343532313031353b7265646972656374696f6e7c4e3b5f5f4143544956455f53455353494f4e5f444154417c733a3235363a223366346231396539366238373837343933656635663162383734613564313138353934623631363066373766323430616434383438306431626637303539326435623465633435636238663230636361633364663237383530353237666365613831343862386366313538613731353564633931353534643763353966393631592f4159655471462b594e49502f7545307a54616d776d6c325a3241486a49455175424a7044684d4f6e593570754d364e527668723957554e534c325a555a62322b46364a6c5236764b72354b596e63733745594d33642b343247463331766d44797a6471616b4a4349525a4e2b77686d78424d61715a39707174494f466a34223b),
('kkn3fqa2vinvauemc3g7cvgcjo43j6de', '::1', 1704521409, 0x5f5f63695f6c6173745f726567656e65726174657c693a313730343532313430393b7265646972656374696f6e7c4e3b5f5f4143544956455f53455353494f4e5f444154417c733a3235363a223366346231396539366238373837343933656635663162383734613564313138353934623631363066373766323430616434383438306431626637303539326435623465633435636238663230636361633364663237383530353237666365613831343862386366313538613731353564633931353534643763353966393631592f4159655471462b594e49502f7545307a54616d776d6c325a3241486a49455175424a7044684d4f6e593570754d364e527668723957554e534c325a555a62322b46364a6c5236764b72354b596e63733745594d33642b343247463331766d44797a6471616b4a4349525a4e2b77686d78424d61715a39707174494f466a34223b),
('59jgnqf9i6nemoeklgus5lbbir4v4mq5', '::1', 1704521809, 0x5f5f63695f6c6173745f726567656e65726174657c693a313730343532313830393b7265646972656374696f6e7c4e3b5f5f4143544956455f53455353494f4e5f444154417c733a3235363a2266393130326632356537643966396463336334633766316536386462626639656363346232383965343966376533636564393063383039366430303834646164396339313561373765646464383531386133383665313734633332386433643363623137383930326438376665626632386231666139306139633035633134323248686d30794f6c4b6f785568354e325a7542586343304d65704c6a75414642324b4e4c74324e6d6b557a326770422b78536a496f4f74685535664d65674d314a6c6a726679436c4d4e725366643548587865384f3256334c476a61525a584a4950794e6658652b643963743739335439315075796b7265624c4f517253642b223b),
('6vl2sh2fnnjdsb97pdek8v99fpp0495r', '::1', 1704522164, 0x5f5f63695f6c6173745f726567656e65726174657c693a313730343532323136343b7265646972656374696f6e7c4e3b5f5f4143544956455f53455353494f4e5f444154417c733a3235363a2266393130326632356537643966396463336334633766316536386462626639656363346232383965343966376533636564393063383039366430303834646164396339313561373765646464383531386133383665313734633332386433643363623137383930326438376665626632386231666139306139633035633134323248686d30794f6c4b6f785568354e325a7542586343304d65704c6a75414642324b4e4c74324e6d6b557a326770422b78536a496f4f74685535664d65674d314a6c6a726679436c4d4e725366643548587865384f3256334c476a61525a584a4950794e6658652b643963743739335439315075796b7265624c4f517253642b223b),
('8ta09jt44mc1tfbbh7u2qunq62dhrq0n', '::1', 1704522472, 0x5f5f63695f6c6173745f726567656e65726174657c693a313730343532323437323b7265646972656374696f6e7c4e3b5f5f4143544956455f53455353494f4e5f444154417c733a3235363a2266393130326632356537643966396463336334633766316536386462626639656363346232383965343966376533636564393063383039366430303834646164396339313561373765646464383531386133383665313734633332386433643363623137383930326438376665626632386231666139306139633035633134323248686d30794f6c4b6f785568354e325a7542586343304d65704c6a75414642324b4e4c74324e6d6b557a326770422b78536a496f4f74685535664d65674d314a6c6a726679436c4d4e725366643548587865384f3256334c476a61525a584a4950794e6658652b643963743739335439315075796b7265624c4f517253642b223b),
('gn5j6htqloavjgsuqm5o511l92lh0k4q', '::1', 1704522880, 0x5f5f63695f6c6173745f726567656e65726174657c693a313730343532323838303b7265646972656374696f6e7c4e3b5f5f4143544956455f53455353494f4e5f444154417c733a3235363a2266393130326632356537643966396463336334633766316536386462626639656363346232383965343966376533636564393063383039366430303834646164396339313561373765646464383531386133383665313734633332386433643363623137383930326438376665626632386231666139306139633035633134323248686d30794f6c4b6f785568354e325a7542586343304d65704c6a75414642324b4e4c74324e6d6b557a326770422b78536a496f4f74685535664d65674d314a6c6a726679436c4d4e725366643548587865384f3256334c476a61525a584a4950794e6658652b643963743739335439315075796b7265624c4f517253642b223b),
('4lut0ivv9n69s6m49kprtfjm022t4u6g', '::1', 1704523228, 0x5f5f63695f6c6173745f726567656e65726174657c693a313730343532333232383b7265646972656374696f6e7c4e3b5f5f4143544956455f53455353494f4e5f444154417c733a3235363a226263663564376536353338643530613837333361623736373933646132343861393532373539313561386631623133656634613638373534646663636162306139366462656164326637393261383861323537656164643563303537353631663465333533636564383637646365643234646639336432396138363865383539506a49354c2f65583675704b55696f4474764d6a2b6b794543303854597854313635386f5764476c75473335656b517064724a59766e4a7a5a735a5337634a4a45466a34676d6f77713373573551736c6530366443483678584831567438786b33706a416539535947436c57764d3171355569486d6742706a59583869375459223b),
('c643b7dcihnoafvvncs3kgf214klqeaa', '::1', 1704523775, 0x5f5f63695f6c6173745f726567656e65726174657c693a313730343532333737353b7265646972656374696f6e7c4e3b5f5f4143544956455f53455353494f4e5f444154417c733a3235363a226566386265353062643736316131333436623830353732313237613863313934363862316138623765643239663434653339386466363066623061343438336463323539353432333033613536616461323261326435353630356433326364373135336365336137313038656537333064653061393962383033336234366230584d5957735736724968312b72786b427537393853495a64447159696a6c7851486e4470453250664f4a674d696c7370594d68564467526d6c364663516d743337797a6931732f71666d2b623642744e506d7561774268626a503772562b4a317665493455573631684f44504335506b756e7336526f474453326435442f2f6c223b),
('kd8k6easejkdek66c8ckicumm15073j0', '::1', 1704523778, 0x5f5f63695f6c6173745f726567656e65726174657c693a313730343532333737353b7265646972656374696f6e7c4e3b5f5f4143544956455f53455353494f4e5f444154417c733a3235363a226566386265353062643736316131333436623830353732313237613863313934363862316138623765643239663434653339386466363066623061343438336463323539353432333033613536616461323261326435353630356433326364373135336365336137313038656537333064653061393962383033336234366230584d5957735736724968312b72786b427537393853495a64447159696a6c7851486e4470453250664f4a674d696c7370594d68564467526d6c364663516d743337797a6931732f71666d2b623642744e506d7561774268626a503772562b4a317665493455573631684f44504335506b756e7336526f474453326435442f2f6c223b);

-- --------------------------------------------------------

--
-- Table structure for table `contacts`
--

CREATE TABLE `contacts` (
  `id` int(10) NOT NULL,
  `parent_id` int(10) DEFAULT NULL,
  `name` varchar(32) NOT NULL,
  `subject` varchar(128) DEFAULT NULL,
  `email` varchar(64) NOT NULL,
  `message` mediumtext NOT NULL,
  `contact_date` datetime DEFAULT NULL,
  `status` tinyint(1) DEFAULT 1,
  `reply_at` datetime DEFAULT NULL
) ENGINE=InnoDB DEFAULT CHARSET=utf8mb4;

-- --------------------------------------------------------

--
-- Table structure for table `coupons`
--

CREATE TABLE `coupons` (
  `id` bigint(20) NOT NULL,
  `name` varchar(191) NOT NULL,
  `code` varchar(32) NOT NULL,
  `credit` decimal(8,2) NOT NULL,
  `start_date` date NOT NULL,
  `expired_date` date NOT NULL,
  `is_active` tinyint(4) DEFAULT 1
) ENGINE=InnoDB DEFAULT CHARSET=utf8mb4;

--
-- Dumping data for table `coupons`
--

INSERT INTO `coupons` (`id`, `name`, `code`, `credit`, `start_date`, `expired_date`, `is_active`) VALUES
(1, 'Tahun Baru', '1-1-2024', '5000.00', '2024-01-01', '2024-01-15', 1),
(2, 'Kejutan Besar Ulang Tahun Tanghulu Sky', 'Birthday Tanghulu Sky', '10000.00', '2024-03-19', '2024-03-20', 1);

-- --------------------------------------------------------

--
-- Table structure for table `customers`
--

CREATE TABLE `customers` (
  `id` bigint(20) NOT NULL,
  `user_id` bigint(20) UNSIGNED DEFAULT NULL,
  `name` varchar(191) NOT NULL,
  `phone_number` varchar(32) DEFAULT NULL,
  `address` varchar(191) NOT NULL,
  `profile_picture` varchar(191) DEFAULT NULL
) ENGINE=InnoDB DEFAULT CHARSET=utf8mb4;

--
-- Dumping data for table `customers`
--

INSERT INTO `customers` (`id`, `user_id`, `name`, `phone_number`, `address`, `profile_picture`) VALUES
(1, 7, 'Bella Cantika Sinaga', '085763570428', 'Teluk Dalam', 'IMG-20210805-WA0022.jpg'),
(8, 9, 'Cahaya Wijaya', '082272881301', 'Tinjoan', 'IMG-20210805-WA00221.jpg'),
(9, 10, 'Sisna Dilla', '082274569676', 'Sei Silau', NULL),
(12, 0, 'Bella Cantika Sinaga', '087656453216', 'Teluk Dalam', NULL);

-- --------------------------------------------------------

--
-- Table structure for table `orders`
--

CREATE TABLE `orders` (
  `id` bigint(20) NOT NULL,
  `user_id` bigint(20) UNSIGNED DEFAULT NULL,
  `coupon_id` bigint(20) DEFAULT NULL,
  `order_number` varchar(16) NOT NULL,
  `order_status` enum('1','2','3','4','5') DEFAULT '1',
  `order_date` datetime NOT NULL,
  `total_price` decimal(8,2) DEFAULT NULL,
  `total_items` int(10) DEFAULT NULL,
  `payment_method` int(11) DEFAULT 1,
  `delivery_data` text DEFAULT NULL,
  `delivered_date` datetime DEFAULT NULL,
  `finish_date` datetime DEFAULT NULL
) ENGINE=InnoDB DEFAULT CHARSET=utf8mb4;

--
-- Dumping data for table `orders`
--

INSERT INTO `orders` (`id`, `user_id`, `coupon_id`, `order_number`, `order_status`, `order_date`, `total_price`, `total_items`, `payment_method`, `delivery_data`, `delivered_date`, `finish_date`) VALUES
(9, 7, NULL, 'ZCV352137461', '3', '2023-12-23 00:03:44', '50000.00', 3, 2, '{\"customer\":{\"name\":\"Agung Tri Saputra\",\"phone_number\":\"081328907767\",\"address\":\"Kost Indah Jaya Belakang No. 19, Jl. Medan Baru VI, Kandang Limun, Bengkulu\"},\"note\":\"\"}', NULL, NULL),
(10, 7, NULL, 'WGY452127307', '1', '2023-12-24 10:31:43', '26000.00', 2, 1, '{\"customer\":{\"name\":\"Agung Tri Saputra\",\"phone_number\":\"081328907767\",\"address\":\"Kost Indah Jaya Belakang No. 19, Jl. Medan Baru VI, Kandang Limun, Bengkulu\"},\"note\":\"\"}', NULL, NULL),
(11, 7, NULL, 'XCB452117342', '2', '2023-12-25 10:35:42', '20000.00', 1, 1, '{\"customer\":{\"name\":\"Agung Tri Saputra\",\"phone_number\":\"081328907767\",\"address\":\"Kost Indah Jaya Belakang No. 19, Jl. Medan Baru VI, Kandang Limun, Bengkulu\"},\"note\":\"\"}', NULL, NULL),
(12, 9, NULL, 'ILR112429179', '1', '2024-01-01 09:37:11', '56000.00', 2, 2, '{\"customer\":{\"name\":\"Eki Indriani Sinaga\",\"phone_number\":\"085762761986\",\"address\":\"Air Teluk Hessa Dsn V, Air Batu, Asahan\"},\"note\":\"\"}', NULL, NULL),
(13, 9, NULL, 'ISG112429473', '2', '2024-01-01 09:53:44', '49000.00', 2, 1, '{\"customer\":{\"name\":\"Eki Indriani Sinaga\",\"phone_number\":\"085762761986\",\"address\":\"Air Teluk Hessa Dsn V, Air Batu, Asahan\"},\"note\":\"\"}', NULL, NULL),
(14, 9, 1, 'ONC2124391297', '1', '2024-01-02 17:38:34', '30000.00', 3, 1, '{\"customer\":{\"name\":\"Eki Indriani Sinaga\",\"phone_number\":\"085762761986\",\"address\":\"Air Teluk Hessa Dsn V, Air Batu, Asahan\"},\"note\":\"\"}', NULL, NULL),
(15, 9, 1, 'UPU3124291835', '1', '2024-01-03 05:25:41', '15000.00', 2, 2, '{\"customer\":{\"name\":\"Eki Indriani Sinaga\",\"phone_number\":\"085762761986\",\"address\":\"Air Teluk Hessa Dsn V, Air Batu, Asahan\"},\"note\":\"\"}', NULL, NULL),
(16, 9, 1, 'IPU3124391059', '1', '2024-01-03 06:36:54', '25000.00', 3, 2, '{\"customer\":{\"name\":\"Eki Indriani Sinaga\",\"phone_number\":\"085762761986\",\"address\":\"Air Teluk Hessa Dsn V, Air Batu, Asahan\"},\"note\":\"\"}', NULL, NULL),
(17, 9, 1, 'MNW3124191852', '2', '2024-01-03 07:58:21', '7000.00', 1, 1, '{\"customer\":{\"name\":\"Eki Indriani Sinaga\",\"phone_number\":\"085762761986\",\"address\":\"Air Teluk Hessa Dsn V, Air Batu, Asahan\"},\"note\":\"\"}', NULL, NULL);

-- --------------------------------------------------------

--
-- Table structure for table `order_items`
--

CREATE TABLE `order_items` (
  `id` bigint(20) NOT NULL,
  `order_id` bigint(20) DEFAULT NULL,
  `product_id` bigint(20) DEFAULT NULL,
  `order_qty` int(10) NOT NULL,
  `order_price` decimal(8,2) DEFAULT NULL
) ENGINE=InnoDB DEFAULT CHARSET=utf8mb4;

--
-- Dumping data for table `order_items`
--

INSERT INTO `order_items` (`id`, `order_id`, `product_id`, `order_qty`, `order_price`) VALUES
(16, 10, 1, 2, '20000.00'),
(18, 11, 1, 2, '20000.00'),
(23, 14, 1, 1, '8000.00'),
(26, 15, 1, 1, '7000.00'),
(29, 16, 1, 1, '7000.00'),
(31, 17, 1, 1, '7000.00');

-- --------------------------------------------------------

--
-- Table structure for table `payments`
--

CREATE TABLE `payments` (
  `id` bigint(20) NOT NULL,
  `order_id` bigint(20) DEFAULT NULL,
  `payment_price` decimal(8,2) DEFAULT NULL,
  `payment_date` datetime NOT NULL,
  `picture_name` varchar(191) DEFAULT NULL,
  `payment_status` enum('1','2','3') DEFAULT '1',
  `confirmed_date` datetime DEFAULT NULL,
  `payment_data` text DEFAULT NULL
) ENGINE=InnoDB DEFAULT CHARSET=utf8mb4;

--
-- Dumping data for table `payments`
--

INSERT INTO `payments` (`id`, `order_id`, `payment_price`, `payment_date`, `picture_name`, `payment_status`, `confirmed_date`, `payment_data`) VALUES
(4, 5, '271000.00', '2020-03-29 08:20:39', 'category-1.jpg', '1', NULL, '{\"transfer_to\":\"bri\",\"source\":{\"bank\":\"Bank BRI\",\"name\":\"Agung Tri Saputra\",\"number\":\"12-345-678-9\"}}'),
(5, 7, '78000.00', '2020-03-30 08:51:08', 'html5.jpg', '2', NULL, '{\"transfer_to\":\"btn\",\"source\":{\"bank\":\"BANK BCA\",\"name\":\"MMS\",\"number\":\"123-456\"}}'),
(6, 11, '130000.00', '2021-05-04 10:39:11', 'REAKSI_ARTILERI-removebg-preview.png', '1', NULL, '{\"transfer_to\":\"bank-jago-xx\",\"source\":{\"bank\":\"we\",\"name\":\"ddf\",\"number\":\"123\"}}'),
(7, 13, '50000.00', '2024-01-01 10:13:34', 'IMG20210805131614.jpg', '1', NULL, '{\"transfer_to\":\"bri\",\"source\":{\"bank\":\"BRI\",\"name\":\"Eki Indriani Sinaga\",\"number\":\"15426614643721\"}}'),
(8, 17, '10000.00', '2024-01-03 07:59:19', 'IMG20210805134412.jpg', '1', NULL, '{\"transfer_to\":\"bri\",\"source\":{\"bank\":\"BRI\",\"name\":\"Eki Indriani Sinaga\",\"number\":\"135624678266\"}}');

-- --------------------------------------------------------

--
-- Table structure for table `products`
--

CREATE TABLE `products` (
  `id` bigint(20) NOT NULL,
  `category_id` int(10) DEFAULT NULL,
  `sku` varchar(32) DEFAULT NULL,
  `name` varchar(191) NOT NULL,
  `description` varchar(191) DEFAULT NULL,
  `picture_name` varchar(191) DEFAULT NULL,
  `price` decimal(8,2) NOT NULL,
  `current_discount` decimal(8,2) DEFAULT 0.00,
  `stock` int(10) NOT NULL,
  `product_unit` varchar(32) DEFAULT NULL,
  `is_available` tinyint(1) DEFAULT 1,
  `add_date` datetime DEFAULT NULL
) ENGINE=InnoDB DEFAULT CHARSET=utf8mb4;

--
-- Dumping data for table `products`
--

INSERT INTO `products` (`id`, `category_id`, `sku`, `name`, `description`, `picture_name`, `price`, `current_discount`, `stock`, `product_unit`, `is_available`, `add_date`) VALUES
(1, 3, 'SB750372', 'Cincin Silver', 'Temukan Cincin yang Menyimpan Cerita di Setiap Detilnya', 'cincin1.jpeg', '20000.00', '0.00', 75, 'Stok', 1, '2020-03-26 15:02:52'),
(18, 3, 'CCC250998', 'Cincin Couple', 'Temukan Cincin yang Menyimpan Cerita di Setiap Detilnya', 'cincin2.jpeg', '25000.00', '0.00', 50, 'Stok', 1, '2024-01-06 03:09:58'),
(19, 3, 'CAC325070', 'Cincin Antik', 'Temukan Cincin yang Menyimpan Cerita di Setiap Detilnya', 'cincin3.jpeg', '35000.00', '0.00', 25, 'Stok', 1, '2024-01-06 03:11:10'),
(20, 1, 'GHG575297', 'Gelang Hits', 'Pilih yang Memikat di Pergelangan Tangan Anda!', 'gl1.jpeg', '5000.00', '0.00', 75, 'Stok', 1, '2024-01-06 03:14:57'),
(21, 1, 'GCG245549', 'Gelang Couple', 'Pilih yang Memikat di Pergelangan Tangan Anda!', 'gl5.jpg', '20000.00', '0.00', 45, 'Stok', 1, '2024-01-06 03:19:09'),
(22, 1, 'GPG515638', 'Gelang Pandora', 'Pilih yang Memikat di Pergelangan Tangan Anda!', 'gl6.jpg', '56000.00', '0.00', 15, 'Stok', 1, '2024-01-06 03:20:38'),
(23, 4, 'ASA345949', 'Anting Stud', 'Anting-Anting Chic, Detil Menawan. Rayakan Kecantikan Anda dengan Elegansi yang Memukau!', 'antingstud.jpg', '35000.00', '0.00', 45, 'Stok', 1, '2024-01-06 03:25:49'),
(24, 4, 'APA715150', 'Anting Permata', 'Anting-Anting Chic, Detil Menawan. Rayakan Kecantikan Anda dengan Elegansi yang Memukau!', 'anting3.jpeg', '75000.00', '0.00', 15, 'Stok', 1, '2024-01-06 03:29:10'),
(25, 4, 'ADA110245', 'Anting Dangle', 'Anting-Anting Chic, Detil Menawan. Rayakan Kecantikan Anda dengan Elegansi yang Memukau!', 'anting1.jpeg', '100000.00', '0.00', 10, 'Stok', 1, '2024-01-06 03:30:45'),
(26, 2, 'KMK325330', 'Kalung Mutiara', 'Kalung Mewah, Kehangatan Sentuhan. Temukan Keindahan di Leher Anda!', 'kalung1.jpeg', '35000.00', '0.00', 25, 'Stok', 1, '2024-01-06 03:32:10'),
(27, 2, 'KBK425376', 'Kalung Bunga', 'Kalung Mewah, Kehangatan Sentuhan. Temukan Keindahan di Leher Anda!', 'kalung2.jpeg', '45000.00', '0.00', 25, 'Stok', 1, '2024-01-06 03:32:56'),
(28, 2, 'KPJK515439', 'Kalung Permata Jatuh', 'Kalung Mewah, Kehangatan Sentuhan. Temukan Keindahan di Leher Anda!', 'kalung3.jpeg', '55000.00', '0.00', 15, 'Stok', 1, '2024-01-06 03:33:59');

-- --------------------------------------------------------

--
-- Table structure for table `product_category`
--

CREATE TABLE `product_category` (
  `id` int(10) NOT NULL,
  `name` varchar(191) NOT NULL
) ENGINE=InnoDB DEFAULT CHARSET=utf8mb4;

--
-- Dumping data for table `product_category`
--

INSERT INTO `product_category` (`id`, `name`) VALUES
(1, 'Gelang'),
(2, 'Kalung'),
(3, 'Cincin'),
(4, 'Anting');

-- --------------------------------------------------------

--
-- Table structure for table `reviews`
--

CREATE TABLE `reviews` (
  `id` bigint(20) NOT NULL,
  `user_id` bigint(20) UNSIGNED DEFAULT NULL,
  `order_id` bigint(20) DEFAULT NULL,
  `title` varchar(191) DEFAULT NULL,
  `review_text` mediumtext NOT NULL,
  `review_date` datetime NOT NULL,
  `status` tinyint(1) NOT NULL DEFAULT 1
) ENGINE=InnoDB DEFAULT CHARSET=utf8mb4;

-- --------------------------------------------------------

--
-- Table structure for table `settings`
--

CREATE TABLE `settings` (
  `id` int(10) NOT NULL,
  `key` varchar(32) NOT NULL,
  `content` text NOT NULL
) ENGINE=InnoDB DEFAULT CHARSET=utf8mb4;

--
-- Dumping data for table `settings`
--

INSERT INTO `settings` (`id`, `key`, `content`) VALUES
(1, 'current_theme_name', 'vegefoods'),
(2, 'store_name', 'ADIT ACCESORIES'),
(3, 'store_phone_number', '085763570423'),
(4, 'store_email', '   aditaccesories@gmail.com'),
(5, 'store_tagline', 'Temukan Accesories terbaik kami disini'),
(6, 'store_logo', ''),
(7, 'max_product_image_size', '20000'),
(8, 'store_description', 'Tingkatkan Gaya Hidupmu dengan sentuhan elegan. Disini, Accesories bukan hanya perhiasan, tapi juga cerminan kepribadianmu yang luar biasa.'),
(9, 'store_address', 'Jl. Diponegoro No.117, Kisaran Baru, Kec.Kota Kisaran Barat, Kabupaten Asahan, Sumatera Utara 21211'),
(10, 'min_shop_to_free_shipping_cost', '75000'),
(11, 'shipping_cost', '8000'),
(12, 'payment_banks', '{\"bri\":{\"bank\":\"BRI\",\"number\":\"13098292738091\",\"name\":\"Bella Cantika Sinaga\"}}');

-- --------------------------------------------------------

--
-- Table structure for table `users`
--

CREATE TABLE `users` (
  `id` bigint(20) UNSIGNED NOT NULL,
  `name` varchar(50) COLLATE utf8mb4_unicode_ci DEFAULT NULL,
  `email` varchar(191) COLLATE utf8mb4_unicode_ci NOT NULL,
  `email_verified_at` timestamp NULL DEFAULT NULL,
  `username` varchar(16) COLLATE utf8mb4_unicode_ci NOT NULL,
  `password` varchar(191) COLLATE utf8mb4_unicode_ci NOT NULL,
  `profile_picture` varchar(128) COLLATE utf8mb4_unicode_ci DEFAULT NULL,
  `role` varchar(32) COLLATE utf8mb4_unicode_ci DEFAULT '0' COMMENT '1 = admin, 2 = customer',
  `register_date` datetime DEFAULT NULL
) ENGINE=InnoDB DEFAULT CHARSET=utf8mb4 COLLATE=utf8mb4_unicode_ci;

--
-- Dumping data for table `users`
--

INSERT INTO `users` (`id`, `name`, `email`, `email_verified_at`, `username`, `password`, `profile_picture`, `role`, `register_date`) VALUES
(0, NULL, '', NULL, '', '', NULL, '', '0000-00-00 00:00:00'),
(1, 'Admin ADIT ACCESORIES', 'aditaccesories@gmail.com', NULL, 'admin', '$2y$10$i1oEU712EXuR4qU1YkNQK.W5pES4F5vzZ61yohiBu5w3V3xTriAfC', 'toko-aksesoris-online-removebg-preview.png', 'admin', NULL),
(7, 'Customer ADIT ACCESORIES', 'bellacantikasinaga@gmail.com', NULL, 'bella', '$2y$10$xrwWNWSl42lzhjKjICLFL.ccb8uRYu56qVoT2Vba6tdTFdj637u1C', NULL, 'customer', '2020-03-29 08:14:30'),
(9, 'Customer ADIT ACCESORIES', 'cahayawijaya@gmail.com', NULL, 'cahaya', '$2y$10$AYvm7kxV9YhWGR6uVD1v6Oax5oGIFjXNBWni4j/G7qnuMmhsWq4MC', NULL, 'customer', '2024-01-01 06:49:07'),
(10, 'Customer ADIT ACCESORIES', 'sisnadilla@gmail.com', NULL, 'sisna', '$2y$10$jMCkyeSCNl912oFHpzxZC.7ob/SVolaWXw7aSuOrhMdaqW5NYvsQe', NULL, 'customer', '2024-01-03 07:53:21');

--
-- Indexes for dumped tables
--

--
-- Indexes for table `ci_sessions`
--
ALTER TABLE `ci_sessions`
  ADD KEY `ci_sessions_timestamp` (`timestamp`);

--
-- Indexes for table `contacts`
--
ALTER TABLE `contacts`
  ADD PRIMARY KEY (`id`),
  ADD KEY `FK_contacts_contacts` (`parent_id`);

--
-- Indexes for table `coupons`
--
ALTER TABLE `coupons`
  ADD PRIMARY KEY (`id`);

--
-- Indexes for table `customers`
--
ALTER TABLE `customers`
  ADD PRIMARY KEY (`id`),
  ADD KEY `FK_customers_users` (`user_id`);

--
-- Indexes for table `orders`
--
ALTER TABLE `orders`
  ADD PRIMARY KEY (`id`),
  ADD KEY `FK_orders_users` (`user_id`),
  ADD KEY `FK_orders_coupons` (`coupon_id`);

--
-- Indexes for table `order_items`
--
ALTER TABLE `order_items`
  ADD PRIMARY KEY (`id`),
  ADD KEY `order_id` (`order_id`),
  ADD KEY `product_id` (`product_id`);

--
-- Indexes for table `payments`
--
ALTER TABLE `payments`
  ADD PRIMARY KEY (`id`),
  ADD KEY `order_id` (`order_id`);

--
-- Indexes for table `products`
--
ALTER TABLE `products`
  ADD PRIMARY KEY (`id`),
  ADD KEY `FK_products_product_category` (`category_id`);

--
-- Indexes for table `product_category`
--
ALTER TABLE `product_category`
  ADD PRIMARY KEY (`id`);

--
-- Indexes for table `reviews`
--
ALTER TABLE `reviews`
  ADD PRIMARY KEY (`id`),
  ADD KEY `FK_reviews_users` (`user_id`),
  ADD KEY `FK_reviews_orders` (`order_id`);

--
-- Indexes for table `settings`
--
ALTER TABLE `settings`
  ADD PRIMARY KEY (`id`) USING BTREE;

--
-- Indexes for table `users`
--
ALTER TABLE `users`
  ADD PRIMARY KEY (`id`) USING BTREE,
  ADD UNIQUE KEY `users_email_unique` (`email`) USING BTREE;

--
-- AUTO_INCREMENT for dumped tables
--

--
-- AUTO_INCREMENT for table `contacts`
--
ALTER TABLE `contacts`
  MODIFY `id` int(10) NOT NULL AUTO_INCREMENT, AUTO_INCREMENT=3;

--
-- AUTO_INCREMENT for table `coupons`
--
ALTER TABLE `coupons`
  MODIFY `id` bigint(20) NOT NULL AUTO_INCREMENT, AUTO_INCREMENT=6;

--
-- AUTO_INCREMENT for table `customers`
--
ALTER TABLE `customers`
  MODIFY `id` bigint(20) NOT NULL AUTO_INCREMENT, AUTO_INCREMENT=13;

--
-- AUTO_INCREMENT for table `orders`
--
ALTER TABLE `orders`
  MODIFY `id` bigint(20) NOT NULL AUTO_INCREMENT, AUTO_INCREMENT=18;

--
-- AUTO_INCREMENT for table `order_items`
--
ALTER TABLE `order_items`
  MODIFY `id` bigint(20) NOT NULL AUTO_INCREMENT, AUTO_INCREMENT=32;

--
-- AUTO_INCREMENT for table `payments`
--
ALTER TABLE `payments`
  MODIFY `id` bigint(20) NOT NULL AUTO_INCREMENT, AUTO_INCREMENT=9;

--
-- AUTO_INCREMENT for table `products`
--
ALTER TABLE `products`
  MODIFY `id` bigint(20) NOT NULL AUTO_INCREMENT, AUTO_INCREMENT=29;

--
-- AUTO_INCREMENT for table `product_category`
--
ALTER TABLE `product_category`
  MODIFY `id` int(10) NOT NULL AUTO_INCREMENT, AUTO_INCREMENT=12;

--
-- AUTO_INCREMENT for table `reviews`
--
ALTER TABLE `reviews`
  MODIFY `id` bigint(20) NOT NULL AUTO_INCREMENT, AUTO_INCREMENT=5;

--
-- AUTO_INCREMENT for table `settings`
--
ALTER TABLE `settings`
  MODIFY `id` int(10) NOT NULL AUTO_INCREMENT, AUTO_INCREMENT=13;

--
-- AUTO_INCREMENT for table `users`
--
ALTER TABLE `users`
  MODIFY `id` bigint(20) UNSIGNED NOT NULL AUTO_INCREMENT, AUTO_INCREMENT=13;

--
-- Constraints for dumped tables
--

--
-- Constraints for table `contacts`
--
ALTER TABLE `contacts`
  ADD CONSTRAINT `FK_contacts_contacts` FOREIGN KEY (`parent_id`) REFERENCES `contacts` (`id`) ON DELETE CASCADE ON UPDATE NO ACTION;

--
-- Constraints for table `customers`
--
ALTER TABLE `customers`
  ADD CONSTRAINT `FK_customers_users` FOREIGN KEY (`user_id`) REFERENCES `users` (`id`) ON DELETE NO ACTION ON UPDATE CASCADE;

--
-- Constraints for table `orders`
--
ALTER TABLE `orders`
  ADD CONSTRAINT `FK_orders_coupons` FOREIGN KEY (`coupon_id`) REFERENCES `coupons` (`id`) ON DELETE SET NULL ON UPDATE CASCADE,
  ADD CONSTRAINT `FK_orders_users` FOREIGN KEY (`user_id`) REFERENCES `users` (`id`) ON DELETE NO ACTION ON UPDATE CASCADE;

--
-- Constraints for table `order_items`
--
ALTER TABLE `order_items`
  ADD CONSTRAINT `order_items_ibfk_1` FOREIGN KEY (`order_id`) REFERENCES `orders` (`id`) ON DELETE CASCADE ON UPDATE NO ACTION,
  ADD CONSTRAINT `order_items_ibfk_2` FOREIGN KEY (`product_id`) REFERENCES `products` (`id`) ON DELETE CASCADE ON UPDATE NO ACTION;
COMMIT;

/*!40101 SET CHARACTER_SET_CLIENT=@OLD_CHARACTER_SET_CLIENT */;
/*!40101 SET CHARACTER_SET_RESULTS=@OLD_CHARACTER_SET_RESULTS */;
/*!40101 SET COLLATION_CONNECTION=@OLD_COLLATION_CONNECTION */;
